{"RandomForest": {"accuracy": 1.0, "roc_auc": 1.0, "classification_report": {"0": {"precision": 1.0, "recall": 1.0, "f1-score": 1.0, "support": 21.0}, "1": {"precision": 1.0, "recall": 1.0, "f1-score": 1.0, "support": 28.0}, "accuracy": 1.0, "macro avg": {"precision": 1.0, "recall": 1.0, "f1-score": 1.0, "support": 49.0}, "weighted avg": {"precision": 1.0, "recall": 1.0, "f1-score": 1.0, "support": 49.0}}, "confusion_matrix": [[21, 0], [0, 28]]}, "LogisticRegression": {"accuracy": 0.9387755102040817, "roc_auc": 0.9914965986394557, "classification_report": {"0": {"precision": 0.95, "recall": 0.9047619047619048, "f1-score": 0.926829268292683, "support": 21.0}, "1": {"precision": 0.9310344827586207, "recall": 0.9642857142857143, "f1-score": 0.9473684210526315, "support": 28.0}, "accuracy": 0.9387755102040817, "macro avg": {"precision": 0.9405172413793104, "recall": 0.9345238095238095, "f1-score": 0.9370988446726572, "support": 49.0}, "weighted avg": {"precision": 0.9391625615763546, "recall": 0.9387755102040817, "f1-score": 0.9385659270126535, "support": 49.0}}, "confusion_matrix": [[19, 2], [1, 27]]}}